Open	0.000000000	-18.000000000	180.000000000
Open	0.001666667	-17.719682693	179.563949585
Open	0.003333333	-17.404443741	179.073562622
Open	0.005000000	-17.059061050	178.536315918
Open	0.006666667	-16.687931061	177.958999634
Open	0.008333333	-16.295093536	177.347915649
Open	0.010000000	-15.884242058	176.708816528
Open	0.011666667	-15.458767891	176.046951294
Open	0.013333333	-15.021755219	175.367156982
Open	0.015000000	-14.576019287	174.673782349
Open	0.016666667	-14.124112129	173.970809937
Open	0.018333333	-13.668347359	173.261840820
Open	0.020000000	-13.210813522	172.550125122
Open	0.021666667	-12.753386497	171.838577271
Open	0.023333333	-12.297750473	171.129806519
Open	0.025000000	-11.845406532	170.426162720
Open	0.026666667	-11.397687912	169.729690552
Open	0.028333333	-10.955770493	169.042266846
Open	0.030000000	-10.520687103	168.365478516
Open	0.031666667	-10.093338013	167.700714111
Open	0.033333333	-9.674496651	167.049163818
Open	0.035000000	-9.264831543	166.411911011
Open	0.036666667	-8.864896774	165.789779663
Open	0.038333333	-8.475156784	165.183532715
Open	0.040000000	-8.095987320	164.593719482
Open	0.041666667	-7.727684021	164.020812988
Open	0.043333333	-7.370472908	163.465133667
Open	0.045000000	-7.024507523	162.926971436
Open	0.046666667	-6.689888954	162.406448364
Open	0.048333333	-6.366660118	161.903656006
Open	0.050000000	-6.054811478	161.418548584
Open	0.051666667	-5.754302025	160.951095581
Open	0.053333333	-5.465039730	160.501129150
Open	0.055000000	-5.186904907	160.068481445
Open	0.056666667	-4.919746876	159.652893066
Open	0.058333333	-4.663385868	159.254104614
Open	0.060000000	-4.417620659	158.871810913
Open	0.061666667	-4.182231903	158.505645752
Open	0.063333333	-3.956981182	158.155273438
Open	0.065000000	-3.741618156	157.820251465
Open	0.066666667	-3.535876751	157.500213623
Open	0.068333333	-3.339488029	157.194717407
Open	0.070000000	-3.152169228	156.903350830
Open	0.071666667	-2.973637581	156.625625610
Open	0.073333333	-2.803605080	156.361129761
Open	0.075000000	-2.641777039	156.109390259
Open	0.076666667	-2.487864494	155.869995117
Open	0.078333333	-2.341582298	155.642440796
Open	0.080000000	-2.202635765	155.426300049
Open	0.081666667	-2.070739746	155.221130371
Open	0.083333333	-1.945614815	155.026489258
Open	0.085000000	-1.826984406	154.841964722
Open	0.086666667	-1.714574814	154.667098999
Open	0.088333333	-1.608118057	154.501495361
Open	0.090000000	-1.507356644	154.344757080
Open	0.091666667	-1.412035942	154.196472168
Open	0.093333333	-1.321908951	154.056274414
Open	0.095000000	-1.236739159	153.923797607
Open	0.096666667	-1.156292915	153.798660278
Open	0.098333333	-1.080346107	153.680511475
Open	0.100000000	-1.008681297	153.569046021
Open	0.101666667	-0.941095352	153.463928223
Open	0.103333333	-0.877382278	153.364807129
Open	0.105000000	-0.817350388	153.271423340
Open	0.106666667	-0.760818481	153.183471680
Open	0.108333333	-0.707605362	153.100723267
Open	0.110000000	-0.657542229	153.022842407
Open	0.111666667	-0.610467911	152.949600220
Open	0.113333333	-0.566227913	152.880783081
Open	0.115000000	-0.524671555	152.816162109
Open	0.116666667	-0.485657692	152.755447388
Open	0.118333333	-0.449055672	152.698516846
Open	0.120000000	-0.414735794	152.645141602
Open	0.121666667	-0.382574081	152.595108032
Open	0.123333333	-0.352458000	152.548263550
Open	0.125000000	-0.324275970	152.504425049
Open	0.126666667	-0.297922134	152.463424683
Open	0.128333333	-0.273300171	152.425125122
Open	0.130000000	-0.250316620	152.389373779
Open	0.131666667	-0.228878021	152.356018066
Open	0.133333333	-0.208904266	152.324966431
Open	0.135000000	-0.190311432	152.296020508
Open	0.136666667	-0.173023224	152.269149780
Open	0.138333333	-0.156967163	152.244171143
Open	0.140000000	-0.142080307	152.221008301
Open	0.141666667	-0.128292084	152.199569702
Open	0.143333333	-0.115543365	152.179718018
Open	0.145000000	-0.103771210	152.161422729
Open	0.146666667	-0.092926025	152.144546509
Open	0.148333333	-0.082950592	152.129028320
Open	0.150000000	-0.073791504	152.114791870
Open	0.151666667	-0.065404892	152.101745605
Open	0.153333333	-0.057746887	152.089813232
Open	0.155000000	-0.050765991	152.078964233
Open	0.156666667	-0.044424057	152.069107056
Open	0.158333333	-0.038681030	152.060180664
Open	0.160000000	-0.033500671	152.052108765
Open	0.161666667	-0.028841019	152.044860840
Open	0.163333333	-0.024673462	152.038391113
Open	0.165000000	-0.020957947	152.032592773
Open	0.166666667	-0.017665863	152.027465820
Open	0.168333333	-0.014759064	152.022949219
Open	0.170000000	-0.012214661	152.018997192
Open	0.171666667	-0.010004044	152.015563965
Open	0.173333333	-0.008096695	152.012588501
Open	0.175000000	-0.006464005	152.010040283
Open	0.176666667	-0.005081177	152.007904053
Open	0.178333333	-0.003923416	152.006088257
Open	0.180000000	-0.002969742	152.004608154
Open	0.181666667	-0.002193451	152.003402710
Open	0.183333333	-0.001573563	152.002441406
Open	0.185000000	-0.001089096	152.001693726
Open	0.186666667	-0.000722885	152.001129150
Open	0.188333333	-0.000453949	152.000701904
Open	0.190000000	-0.000265121	152.000411987
Open	0.191666667	-0.000141144	152.000213623
Open	0.193333333	-0.000064850	152.000106812
Open	0.195000000	-0.000022888	152.000030518
Open	0.196666667	-0.000005722	152.000015259
Open	0.198333333	0.000000000	152.000000000
Open	0.200000000	0.000000000	152.000000000
Open	0.201666667	0.000000000	152.000000000
Open	0.203333333	0.000000000	152.000000000
Open	0.205000000	0.000000000	152.000000000
Open	0.206666667	0.000000000	152.000000000
Open	0.208333333	0.000000000	152.000000000
Open	0.210000000	0.000000000	152.000000000
Open	0.211666667	0.000000000	152.000000000
Open	0.213333333	0.000000000	152.000000000
Open	0.215000000	0.000000000	152.000000000
Open	0.216666667	0.000000000	152.000000000
Open	0.218333333	0.000000000	152.000000000
Open	0.220000000	0.000000000	152.000000000
Open	0.221666667	0.000000000	152.000000000
Open	0.223333333	0.000000000	152.000000000
Open	0.225000000	0.000000000	152.000000000
Open	0.226666667	0.000000000	152.000000000
Open	0.228333333	0.000000000	152.000000000
Open	0.230000000	0.000000000	152.000000000
Open	0.231666667	0.000000000	152.000000000
Open	0.233333333	0.000000000	152.000000000
Open	0.235000000	0.000000000	152.000000000
Open	0.236666667	0.000000000	152.000000000
Open	0.238333333	0.000000000	152.000000000
Open	0.240000000	0.000000000	152.000000000
Open	0.241666667	0.000000000	152.000000000
Open	0.243333333	0.000000000	152.000000000
Open	0.245000000	0.000000000	152.000000000
Open	0.246666667	0.000000000	152.000000000
Open	0.248333333	0.000000000	152.000000000
Open	0.250000000	0.000000000	152.000000000
Open	0.251666667	0.000000000	152.000000000
Open	0.253333333	0.000000000	152.000000000
Open	0.255000000	0.000000000	152.000000000
Open	0.256666667	0.000000000	152.000000000
Open	0.258333333	0.000000000	152.000000000
Open	0.260000000	0.000000000	152.000000000
Open	0.261666667	0.000000000	152.000000000
Open	0.263333333	0.000000000	152.000000000
Open	0.265000000	0.000000000	152.000000000
Open	0.266666667	0.000000000	152.000000000
Open	0.268333333	0.000000000	152.000000000
Open	0.270000000	0.000000000	152.000000000
Open	0.271666667	0.000000000	152.000000000
Open	0.273333333	0.000000000	152.000000000
Open	0.275000000	0.000000000	152.000000000
Open	0.276666667	0.000000000	152.000000000
Open	0.278333333	0.000000000	152.000000000
Open	0.280000000	0.000000000	152.000000000
Open	0.281666667	0.000000000	152.000000000
Open	0.283333333	0.000000000	152.000000000
Open	0.285000000	0.000000000	152.000000000
Open	0.286666667	0.000000000	152.000000000
Open	0.288333333	0.000000000	152.000000000
Open	0.290000000	0.000000000	152.000000000
Open	0.291666667	0.000000000	152.000000000
Open	0.293333333	0.000000000	152.000000000
Open	0.295000000	0.000000000	152.000000000
Open	0.296666667	0.000000000	152.000000000
Open	0.298333333	0.000000000	152.000000000
Open	0.300000000	0.000000000	152.000000000
Open	0.301666667	0.000000000	152.000000000
Open	0.303333333	0.000000000	152.000000000
Open	0.305000000	0.000000000	152.000000000
Open	0.306666667	0.000000000	152.000000000
Open	0.308333333	0.000000000	152.000000000
Open	0.310000000	0.000000000	152.000000000
Open	0.311666667	0.000000000	152.000000000
Open	0.313333333	0.000000000	152.000000000
Open	0.315000000	0.000000000	152.000000000
Open	0.316666667	0.000000000	152.000000000
Open	0.318333333	0.000000000	152.000000000
Open	0.320000000	0.000000000	152.000000000
Open	0.321666667	0.000000000	152.000000000
Open	0.323333333	0.000000000	152.000000000
Open	0.325000000	0.000000000	152.000000000
Open	0.326666667	0.000000000	152.000000000
Open	0.328333333	0.000000000	152.000000000
Open	0.330000000	0.000000000	152.000000000
Open	0.331666667	0.000000000	152.000000000
Open	0.333333333	0.000000000	152.000000000
Open	0.335000000	0.000000000	152.000000000
Open	0.336666667	0.000000000	152.000000000
Open	0.338333333	0.000000000	152.000000000
Open	0.340000000	0.000000000	152.000000000
Open	0.341666667	0.000000000	152.000000000
Open	0.343333333	0.000000000	152.000000000
Open	0.345000000	0.000000000	152.000000000
Open	0.346666667	0.000000000	152.000000000
Open	0.348333333	0.000000000	152.000000000
Open	0.350000000	0.000000000	152.000000000
Open	0.351666667	0.000000000	152.000000000
Open	0.353333333	0.000000000	152.000000000
Open	0.355000000	0.000000000	152.000000000
Open	0.356666667	0.000000000	152.000000000
Open	0.358333333	0.000000000	152.000000000
Open	0.360000000	0.000000000	152.000000000
Open	0.361666667	0.000000000	152.000000000
Open	0.363333333	0.000000000	152.000000000
Open	0.365000000	0.000000000	152.000000000
Open	0.366666667	0.000000000	152.000000000
Open	0.368333333	0.000000000	152.000000000
Open	0.370000000	0.000000000	152.000000000
Open	0.371666667	0.000000000	152.000000000
Open	0.373333333	0.000000000	152.000000000
Open	0.375000000	0.000000000	152.000000000
Open	0.376666667	0.000000000	152.000000000
Open	0.378333333	0.000000000	152.000000000
Open	0.380000000	0.000000000	152.000000000
Open	0.381666667	0.000000000	152.000000000
Open	0.383333333	0.000000000	152.000000000
Open	0.385000000	0.000000000	152.000000000
Open	0.386666667	0.000000000	152.000000000
Open	0.388333333	0.000000000	152.000000000
Open	0.390000000	0.000000000	152.000000000
Open	0.391666667	0.000000000	152.000000000
Open	0.393333333	0.000000000	152.000000000
Open	0.395000000	0.000000000	152.000000000
Open	0.396666667	0.000000000	152.000000000
Open	0.398333333	0.000000000	152.000000000
Open	0.400000000	0.000000000	152.000000000
Open	0.401666667	0.000000000	152.000000000
Open	0.403333333	0.000000000	152.000000000
Open	0.405000000	0.000000000	152.000000000
Open	0.406666667	0.000000000	152.000000000
Open	0.408333333	0.000000000	152.000000000
Open	0.410000000	0.000000000	152.000000000
Open	0.411666667	0.000000000	152.000000000
Open	0.413333333	0.000000000	152.000000000
Open	0.415000000	0.000000000	152.000000000
Open	0.416666667	0.000000000	152.000000000
Open	0.418333333	0.000000000	152.000000000
Open	0.420000000	0.000000000	152.000000000
Open	0.421666667	0.000000000	152.000000000
Open	0.423333333	0.000000000	152.000000000
Open	0.425000000	0.000000000	152.000000000
Open	0.426666667	0.000000000	152.000000000
Open	0.428333333	0.000000000	152.000000000
Open	0.430000000	0.000000000	152.000000000
Open	0.431666667	0.000000000	152.000000000
Open	0.433333333	0.000000000	152.000000000
Open	0.435000000	0.000000000	152.000000000
Open	0.436666667	0.000000000	152.000000000
Open	0.438333333	0.000000000	152.000000000
Open	0.440000000	0.000000000	152.000000000
Open	0.441666667	0.000000000	152.000000000
Open	0.443333333	0.000000000	152.000000000
Open	0.445000000	0.000000000	152.000000000
Open	0.446666667	0.000000000	152.000000000
Open	0.448333333	0.000000000	152.000000000
Open	0.450000000	0.000000000	152.000000000
Open	0.451666667	0.000000000	152.000000000
Open	0.453333333	0.000000000	152.000000000
Open	0.455000000	0.000000000	152.000000000
Open	0.456666667	0.000000000	152.000000000
Open	0.458333333	0.000000000	152.000000000
Open	0.460000000	0.000000000	152.000000000
Open	0.461666667	0.000000000	152.000000000
Open	0.463333333	0.000000000	152.000000000
Open	0.465000000	0.000000000	152.000000000
Open	0.466666667	0.000000000	152.000000000
Open	0.468333333	0.000000000	152.000000000
Open	0.470000000	0.000000000	152.000000000
Open	0.471666667	0.000000000	152.000000000
Open	0.473333333	0.000000000	152.000000000
Open	0.475000000	0.000000000	152.000000000
Open	0.476666667	0.000000000	152.000000000
Open	0.478333333	0.000000000	152.000000000
Open	0.480000000	0.000000000	152.000000000
Open	0.481666667	0.000000000	152.000000000
Open	0.483333333	0.000000000	152.000000000
Open	0.485000000	0.000000000	152.000000000
Open	0.486666667	0.000000000	152.000000000
Open	0.488333333	0.000000000	152.000000000
Open	0.490000000	0.000000000	152.000000000
Open	0.491666667	0.000000000	152.000000000
Open	0.493333333	0.000000000	152.000000000
Open	0.495000000	0.000000000	152.000000000
Open	0.496666667	0.000000000	152.000000000
Open	0.498333333	0.000000000	152.000000000
Open	0.500000000	0.000000000	152.000000000
Close	0.000000000	0.000000000	152.000000000
Close	0.001666667	-0.000291479	152.000457764
Close	0.003333333	-0.001433374	152.002227783
Close	0.005000000	-0.003641079	152.005661011
Close	0.006666667	-0.007059212	152.010986328
Close	0.008333333	-0.011805299	152.018371582
Close	0.010000000	-0.017983209	152.027969360
Close	0.011666667	-0.025689710	152.039962769
Close	0.013333333	-0.035018303	152.054473877
Close	0.015000000	-0.046061765	152.071655273
Close	0.016666667	-0.058914091	152.091659546
Close	0.018333333	-0.073671699	152.114593506
Close	0.020000000	-0.090434678	152.140670776
Close	0.021666667	-0.109307609	152.170028687
Close	0.023333333	-0.130400240	152.202850342
Close	0.025000000	-0.153828129	152.239288330
Close	0.026666667	-0.179713130	152.279556274
Close	0.028333333	-0.208183721	152.323837280
Close	0.030000000	-0.239375383	152.372360229
Close	0.031666667	-0.273430943	152.425338745
Close	0.033333333	-0.310500681	152.483001709
Close	0.035000000	-0.350742221	152.545593262
Close	0.036666667	-0.394321144	152.613388062
Close	0.038333333	-0.441410542	152.686645508
Close	0.040000000	-0.492191076	152.765625000
Close	0.041666667	-0.546850920	152.850646973
Close	0.043333333	-0.605585814	152.942031860
Close	0.045000000	-0.668598473	153.040039062
Close	0.046666667	-0.736098111	153.145050049
Close	0.048333333	-0.808301270	153.257354736
Close	0.050000000	-0.885430217	153.377334595
Close	0.051666667	-0.967712820	153.505325317
Close	0.053333333	-1.055382609	153.641693115
Close	0.055000000	-1.148677111	153.786819458
Close	0.056666667	-1.247838736	153.941085815
Close	0.058333333	-1.353112102	154.104843140
Close	0.060000000	-1.464745998	154.278488159
Close	0.061666667	-1.582989693	154.462432861
Close	0.063333333	-1.708093762	154.657043457
Close	0.065000000	-1.840308547	154.862701416
Close	0.066666667	-1.979884386	155.079818726
Close	0.068333333	-2.127067804	155.308776855
Close	0.070000000	-2.282102585	155.549926758
Close	0.071666667	-2.445229053	155.803680420
Close	0.073333333	-2.616680622	156.070373535
Close	0.075000000	-2.796684027	156.350402832
Close	0.076666667	-2.985455513	156.644042969
Close	0.078333333	-3.183204412	156.951644897
Close	0.080000000	-3.390125036	157.273544312
Close	0.081666667	-3.606398582	157.609954834
Close	0.083333333	-3.832194328	157.961181641
Close	0.085000000	-4.067660809	158.327468872
Close	0.086666667	-4.312926292	158.708999634
Close	0.088333333	-4.568101406	159.105941772
Close	0.090000000	-4.833274364	159.518417358
Close	0.091666667	-5.108499527	159.946548462
Close	0.093333333	-5.393813610	160.390380859
Close	0.095000000	-5.689217567	160.849899292
Close	0.096666667	-5.994679451	161.325057983
Close	0.098333333	-6.310135365	161.815765381
Close	0.100000000	-6.635478497	162.321853638
Close	0.101666667	-6.970566273	162.843093872
Close	0.103333333	-7.315206528	163.379196167
Close	0.105000000	-7.669165134	163.929809570
Close	0.106666667	-8.032161713	164.494476318
Close	0.108333333	-8.403849602	165.072662354
Close	0.110000000	-8.783837318	165.663757324
Close	0.111666667	-9.171671867	166.267059326
Close	0.113333333	-9.566835403	166.881744385
Close	0.115000000	-9.968738556	167.506927490
Close	0.116666667	-10.376728058	168.141571045
Close	0.118333333	-10.790078163	168.784561157
Close	0.120000000	-11.207975388	169.434631348
Close	0.121666667	-11.629531860	170.090393066
Close	0.123333333	-12.053767204	170.750305176
Close	0.125000000	-12.479615211	171.412719727
Close	0.126666667	-12.905906677	172.075866699
Close	0.128333333	-13.331380844	172.737701416
Close	0.130000000	-13.754672050	173.396163940
Close	0.131666667	-14.174293518	174.048904419
Close	0.133333333	-14.588657379	174.693466187
Close	0.135000000	-14.996047020	175.327178955
Close	0.136666667	-15.394624710	175.947204590
Close	0.138333333	-15.782425880	176.550430298
Close	0.140000000	-16.157342911	177.133651733
Close	0.141666667	-16.517135620	177.693328857
Close	0.143333333	-16.859407425	178.225738525
Close	0.145000000	-17.181613922	178.726959229
Close	0.146666667	-17.481056213	179.192749023
Close	0.148333333	-17.754865646	179.618682861
Close	0.150000000	-18.000000000	180.000000000
Close	0.151666667	-18.000000000	180.000000000
Close	0.153333333	-18.000000000	180.000000000
Close	0.155000000	-18.000000000	180.000000000
Close	0.156666667	-18.000000000	180.000000000
Close	0.158333333	-18.000000000	180.000000000
Close	0.160000000	-18.000000000	180.000000000
Close	0.161666667	-18.000000000	180.000000000
Close	0.163333333	-18.000000000	180.000000000
Close	0.165000000	-18.000000000	180.000000000
Close	0.166666667	-18.000000000	180.000000000
Close	0.168333333	-18.000000000	180.000000000
Close	0.170000000	-18.000000000	180.000000000
Close	0.171666667	-18.000000000	180.000000000
Close	0.173333333	-18.000000000	180.000000000
Close	0.175000000	-18.000000000	180.000000000
Close	0.176666667	-18.000000000	180.000000000
Close	0.178333333	-18.000000000	180.000000000
Close	0.180000000	-18.000000000	180.000000000
Close	0.181666667	-18.000000000	180.000000000
Close	0.183333333	-18.000000000	180.000000000
Close	0.185000000	-18.000000000	180.000000000
Close	0.186666667	-18.000000000	180.000000000
Close	0.188333333	-18.000000000	180.000000000
Close	0.190000000	-18.000000000	180.000000000
Close	0.191666667	-18.000000000	180.000000000
Close	0.193333333	-18.000000000	180.000000000
Close	0.195000000	-18.000000000	180.000000000
Close	0.196666667	-18.000000000	180.000000000
Close	0.198333333	-18.000000000	180.000000000
Close	0.200000000	-18.000000000	180.000000000
Close	0.201666667	-18.000000000	180.000000000
Close	0.203333333	-18.000000000	180.000000000
Close	0.205000000	-18.000000000	180.000000000
Close	0.206666667	-18.000000000	180.000000000
Close	0.208333333	-18.000000000	180.000000000
Close	0.210000000	-18.000000000	180.000000000
Close	0.211666667	-18.000000000	180.000000000
Close	0.213333333	-18.000000000	180.000000000
Close	0.215000000	-18.000000000	180.000000000
Close	0.216666667	-18.000000000	180.000000000
Close	0.218333333	-18.000000000	180.000000000
Close	0.220000000	-18.000000000	180.000000000
Close	0.221666667	-18.000000000	180.000000000
Close	0.223333333	-18.000000000	180.000000000
Close	0.225000000	-18.000000000	180.000000000
Close	0.226666667	-18.000000000	180.000000000
Close	0.228333333	-18.000000000	180.000000000
Close	0.230000000	-18.000000000	180.000000000
Close	0.231666667	-18.000000000	180.000000000
Close	0.233333333	-18.000000000	180.000000000
Close	0.235000000	-18.000000000	180.000000000
Close	0.236666667	-18.000000000	180.000000000
Close	0.238333333	-18.000000000	180.000000000
Close	0.240000000	-18.000000000	180.000000000
Close	0.241666667	-18.000000000	180.000000000
Close	0.243333333	-18.000000000	180.000000000
Close	0.245000000	-18.000000000	180.000000000
Close	0.246666667	-18.000000000	180.000000000
Close	0.248333333	-18.000000000	180.000000000
Close	0.250000000	-18.000000000	180.000000000
Close	0.251666667	-18.000000000	180.000000000
Close	0.253333333	-18.000000000	180.000000000
Close	0.255000000	-18.000000000	180.000000000
Close	0.256666667	-18.000000000	180.000000000
Close	0.258333333	-18.000000000	180.000000000
Close	0.260000000	-18.000000000	180.000000000
Close	0.261666667	-18.000000000	180.000000000
Close	0.263333333	-18.000000000	180.000000000
Close	0.265000000	-18.000000000	180.000000000
Close	0.266666667	-18.000000000	180.000000000
Close	0.268333333	-18.000000000	180.000000000
Close	0.270000000	-18.000000000	180.000000000
Close	0.271666667	-18.000000000	180.000000000
Close	0.273333333	-18.000000000	180.000000000
Close	0.275000000	-18.000000000	180.000000000
Close	0.276666667	-18.000000000	180.000000000
Close	0.278333333	-18.000000000	180.000000000
Close	0.280000000	-18.000000000	180.000000000
Close	0.281666667	-18.000000000	180.000000000
Close	0.283333333	-18.000000000	180.000000000
Close	0.285000000	-18.000000000	180.000000000
Close	0.286666667	-18.000000000	180.000000000
Close	0.288333333	-18.000000000	180.000000000
Close	0.290000000	-18.000000000	180.000000000
Close	0.291666667	-18.000000000	180.000000000
Close	0.293333333	-18.000000000	180.000000000
Close	0.295000000	-18.000000000	180.000000000
Close	0.296666667	-18.000000000	180.000000000
Close	0.298333333	-18.000000000	180.000000000
Close	0.300000000	-18.000000000	180.000000000
Close	0.301666667	-18.000000000	180.000000000
Close	0.303333333	-18.000000000	180.000000000
Close	0.305000000	-18.000000000	180.000000000
Close	0.306666667	-18.000000000	180.000000000
Close	0.308333333	-18.000000000	180.000000000
Close	0.310000000	-18.000000000	180.000000000
Close	0.311666667	-18.000000000	180.000000000
Close	0.313333333	-18.000000000	180.000000000
Close	0.315000000	-18.000000000	180.000000000
Close	0.316666667	-18.000000000	180.000000000
Close	0.318333333	-18.000000000	180.000000000
Close	0.320000000	-18.000000000	180.000000000
Close	0.321666667	-18.000000000	180.000000000
Close	0.323333333	-18.000000000	180.000000000
Close	0.325000000	-18.000000000	180.000000000
Close	0.326666667	-18.000000000	180.000000000
Close	0.328333333	-18.000000000	180.000000000
Close	0.330000000	-18.000000000	180.000000000
Close	0.331666667	-18.000000000	180.000000000
Close	0.333333333	-18.000000000	180.000000000
Close	0.335000000	-18.000000000	180.000000000
Close	0.336666667	-18.000000000	180.000000000
Close	0.338333333	-18.000000000	180.000000000
Close	0.340000000	-18.000000000	180.000000000
Close	0.341666667	-18.000000000	180.000000000
Close	0.343333333	-18.000000000	180.000000000
Close	0.345000000	-18.000000000	180.000000000
Close	0.346666667	-18.000000000	180.000000000
Close	0.348333333	-18.000000000	180.000000000
Close	0.350000000	-18.000000000	180.000000000
Close	0.351666667	-18.000000000	180.000000000
Close	0.353333333	-18.000000000	180.000000000
Close	0.355000000	-18.000000000	180.000000000
Close	0.356666667	-18.000000000	180.000000000
Close	0.358333333	-18.000000000	180.000000000
Close	0.360000000	-18.000000000	180.000000000
Close	0.361666667	-18.000000000	180.000000000
Close	0.363333333	-18.000000000	180.000000000
Close	0.365000000	-18.000000000	180.000000000
Close	0.366666667	-18.000000000	180.000000000
Close	0.368333333	-18.000000000	180.000000000
Close	0.370000000	-18.000000000	180.000000000
Close	0.371666667	-18.000000000	180.000000000
Close	0.373333333	-18.000000000	180.000000000
Close	0.375000000	-18.000000000	180.000000000
Close	0.376666667	-18.000000000	180.000000000
Close	0.378333333	-18.000000000	180.000000000
Close	0.380000000	-18.000000000	180.000000000
Close	0.381666667	-18.000000000	180.000000000
Close	0.383333333	-18.000000000	180.000000000
Close	0.385000000	-18.000000000	180.000000000
Close	0.386666667	-18.000000000	180.000000000
Close	0.388333333	-18.000000000	180.000000000
Close	0.390000000	-18.000000000	180.000000000
Close	0.391666667	-18.000000000	180.000000000
Close	0.393333333	-18.000000000	180.000000000
Close	0.395000000	-18.000000000	180.000000000
Close	0.396666667	-18.000000000	180.000000000
Close	0.398333333	-18.000000000	180.000000000
Close	0.400000000	-18.000000000	180.000000000
Close	0.401666667	-18.000000000	180.000000000
Close	0.403333333	-18.000000000	180.000000000
Close	0.405000000	-18.000000000	180.000000000
Close	0.406666667	-18.000000000	180.000000000
Close	0.408333333	-18.000000000	180.000000000
Close	0.410000000	-18.000000000	180.000000000
Close	0.411666667	-18.000000000	180.000000000
Close	0.413333333	-18.000000000	180.000000000
Close	0.415000000	-18.000000000	180.000000000
Close	0.416666667	-18.000000000	180.000000000
Close	0.418333333	-18.000000000	180.000000000
Close	0.420000000	-18.000000000	180.000000000
Close	0.421666667	-18.000000000	180.000000000
Close	0.423333333	-18.000000000	180.000000000
Close	0.425000000	-18.000000000	180.000000000
Close	0.426666667	-18.000000000	180.000000000
Close	0.428333333	-18.000000000	180.000000000
Close	0.430000000	-18.000000000	180.000000000
Close	0.431666667	-18.000000000	180.000000000
Close	0.433333333	-18.000000000	180.000000000
Close	0.435000000	-18.000000000	180.000000000
Close	0.436666667	-18.000000000	180.000000000
Close	0.438333333	-18.000000000	180.000000000
Close	0.440000000	-18.000000000	180.000000000
Close	0.441666667	-18.000000000	180.000000000
Close	0.443333333	-18.000000000	180.000000000
Close	0.445000000	-18.000000000	180.000000000
Close	0.446666667	-18.000000000	180.000000000
Close	0.448333333	-18.000000000	180.000000000
Close	0.450000000	-18.000000000	180.000000000
Close	0.451666667	-18.000000000	180.000000000
Close	0.453333333	-18.000000000	180.000000000
Close	0.455000000	-18.000000000	180.000000000
Close	0.456666667	-18.000000000	180.000000000
Close	0.458333333	-18.000000000	180.000000000
Close	0.460000000	-18.000000000	180.000000000
Close	0.461666667	-18.000000000	180.000000000
Close	0.463333333	-18.000000000	180.000000000
Close	0.465000000	-18.000000000	180.000000000
Close	0.466666667	-18.000000000	180.000000000
Close	0.468333333	-18.000000000	180.000000000
Close	0.470000000	-18.000000000	180.000000000
Close	0.471666667	-18.000000000	180.000000000
Close	0.473333333	-18.000000000	180.000000000
Close	0.475000000	-18.000000000	180.000000000
Close	0.476666667	-18.000000000	180.000000000
Close	0.478333333	-18.000000000	180.000000000
Close	0.480000000	-18.000000000	180.000000000
Close	0.481666667	-18.000000000	180.000000000
Close	0.483333333	-18.000000000	180.000000000
Close	0.485000000	-18.000000000	180.000000000
Close	0.486666667	-18.000000000	180.000000000
Close	0.488333333	-18.000000000	180.000000000
Close	0.490000000	-18.000000000	180.000000000
Close	0.491666667	-18.000000000	180.000000000
Close	0.493333333	-18.000000000	180.000000000
Close	0.495000000	-18.000000000	180.000000000
Close	0.496666667	-18.000000000	180.000000000
Close	0.498333333	-18.000000000	180.000000000
Close	0.500000000	-18.000000000	180.000000000
