1	62	0	62	16	48	0	1	0	0
2	61	7	62	15	48	0	1	1	0
3	61	7	62	15	48	0	1	2	0
4	61	6	62	14	48	0	1	3	0
5	61	6	62	14	48	0	1	4	0
6	61	5	62	13	48	0	1	4	0
7	61	5	62	13	48	0	1	5	0
8	61	4	62	12	48	0	1	6	0
9	61	4	62	12	48	0	1	7	0
10	61	3	62	11	48	0	1	8	0
11	61	3	62	11	48	0	1	9	0
12	61	2	62	10	48	0	1	9	0
13	61	2	62	10	48	0	1	10	0
14	61	1	62	9	48	0	1	11	0
15	61	1	62	9	48	0	1	12	0
16	61	0	61	8	48	0	1	13	0
17	61	0	61	8	48	0	1	14	0
18	60	7	61	7	48	0	1	14	0
19	60	7	61	7	48	0	1	15	0
20	60	6	61	6	48	0	1	16	1
21	60	6	61	6	48	0	1	16	1
22	60	5	61	5	48	0	1	16	1
23	60	5	61	5	48	0	1	16	1
24	60	4	61	4	48	0	1	16	1
25	60	4	61	4	48	0	1	16	1
26	60	3	61	3	48	0	1	16	1
27	60	3	61	3	48	0	1	16	1
28	60	2	61	2	48	0	1	16	1
29	60	2	61	2	48	0	1	16	1
30	60	1	61	1	48	0	1	16	1
31	60	1	61	1	48	0	1	16	1
32	60	0	60	0	48	0	1	16	1
33	60	0	60	0	48	0	1	16	1
34	60	0	60	0	48	0	0	16	1
35	60	0	60	0	48	0	0	16	1
36	60	0	60	0	48	0	0	16	1
37	60	0	60	0	48	0	0	16	1
38	60	0	60	0	48	0	0	16	1
39	60	0	60	0	48	0	0	16	1
40	60	0	60	0	48	0	0	16	1
41	60	0	60	0	48	0	0	16	1
42	60	0	60	0	48	0	0	16	1
43	60	0	60	0	48	0	0	16	1
44	60	0	60	0	48	0	0	16	1
45	60	0	60	0	48	0	0	16	1
46	60	0	60	0	48	0	0	16	1
47	60	0	60	0	48	0	0	16	1
48	60	0	60	0	48	0	0	16	1
49	60	0	60	0	48	0	0	16	1
50	60	0	60	0	48	0	0	16	1
51	60	0	60	0	48	0	0	16	1
52	60	0	60	0	48	0	0	16	1
53	60	0	60	0	48	0	0	16	1
54	60	0	60	0	48	0	0	16	1
55	60	0	60	0	48	0	0	16	1
56	60	0	60	0	48	0	0	16	1
57	60	0	60	0	48	0	0	16	1
58	60	0	60	0	48	0	0	16	1
59	60	0	60	0	48	0	0	16	1
60	60	0	60	0	48	0	0	16	1
61	60	0	60	0	48	0	0	16	1
62	60	0	60	0	48	0	0	16	1
63	60	0	60	0	48	0	0	16	1
64	60	0	60	0	48	0	0	16	1
65	60	0	60	0	48	0	0	16	1
66	60	0	60	0	48	0	0	16	1
67	60	0	60	0	48	0	0	16	1
68	60	0	60	0	48	0	0	16	1
69	60	0	60	0	48	0	0	16	1
70	60	0	60	0	48	0	0	16	1
71	60	0	60	0	48	0	0	16	1
72	60	0	60	0	48	0	0	16	1
73	60	0	60	0	48	0	0	16	1
74	60	0	60	0	48	0	0	16	1
75	60	0	60	0	48	0	0	16	1
76	60	0	60	0	48	0	0	16	1
77	60	0	60	0	48	0	0	16	1
78	60	0	60	0	48	0	0	16	1
79	60	0	60	0	48	0	0	16	1
80	60	0	60	0	48	0	0	16	1
81	60	0	60	0	48	0	0	16	1
82	60	0	60	0	48	0	0	16	1
83	60	0	60	0	48	0	0	16	1
84	60	0	60	0	48	0	0	16	1
85	60	0	60	0	48	0	0	16	1
86	60	0	60	0	48	0	0	16	1
87	60	0	60	0	48	0	0	16	1
88	60	0	60	0	48	0	0	16	1
89	60	0	60	0	48	0	0	16	1
90	60	0	60	0	48	0	0	16	1
91	60	0	60	0	48	0	0	16	1
92	60	0	60	0	48	0	0	16	1
93	60	0	60	0	48	0	0	16	1
94	60	0	60	0	48	0	0	16	1
95	60	0	60	0	48	0	0	16	1
96	60	0	60	0	48	0	0	16	1
97	60	0	60	0	48	0	0	16	1
98	60	0	60	0	48	0	0	16	1
99	60	0	60	0	48	0	0	16	1
100	60	0	60	0	48	0	0	16	1
